Date,Company,Title,URL,Status
2026-01-12 13:05:39,Discreet Company,Vice President of Products,https://www.linkedin.com/jobs/view/4344521418,Applied
2026-01-12 13:09:28,Discreet Company,Vice President of Products,https://www.linkedin.com/jobs/view/4344521418,Applied
2026-01-12 13:13:41,Discreet Company,Vice President of Products,https://www.linkedin.com/jobs/view/4344521418,Applied
2026-01-12 13:21:28,Discreet Company,Vice President of Products,https://www.linkedin.com/jobs/view/4344521418,Applied
2026-01-12 13:26:58,Discreet Company,Vice President of Products,https://www.linkedin.com/jobs/view/4344521418,Applied
2026-01-12 13:30:12,Discreet Company,Vice President of Products,https://www.linkedin.com/jobs/view/4344521418,Applied
2026-01-12 13:54:50,accessiBe,Vice President of Products,https://www.linkedin.com/jobs/view/4344521418,Applied
2026-01-12 13:57:23,accessiBe,Vice President of Products,https://www.linkedin.com/jobs/view/4344521418,Applied
2026-01-12 13:59:27,accessiBe,Vice President of Products,https://www.linkedin.com/jobs/view/4344521418,Applied
2026-01-12 14:04:15,accessiBe,Vice President of Products,https://www.linkedin.com/jobs/view/4344521418,Applied
2026-01-12 14:10:41,accessiBe,Vice President of Products,https://www.linkedin.com/jobs/view/4344521418,Applied
2026-01-12 14:15:01,accessiBe,Vice President of Products,https://www.linkedin.com/jobs/view/4344521418,Applied
2026-01-12 14:17:44,accessiBe,Vice President of Products,https://www.linkedin.com/jobs/view/4344521418,Applied
2026-01-12 14:22:18,accessiBe,Vice President of Products,https://www.linkedin.com/jobs/view/4344521418,Applied
2026-01-12 14:25:14,accessiBe,Vice President of Products,https://www.linkedin.com/jobs/view/4344521418,Applied
2026-01-12 14:28:03,accessiBe,Vice President of Products,https://www.linkedin.com/jobs/view/4344521418,Applied
2026-01-12 14:32:12,accessiBe,Vice President of Products,https://www.linkedin.com/jobs/view/4344521418,Applied
